customer_id,customer_name,redg_date
1,Akhil Reddy,23-12-2021
2,Anitha Rao,14-06-2021
3,Arvind Reddy,19-12-2020
4,Bhanu Prasad,19-11-2023
5,Chaitanya Reddy,03-08-2020
6,Deepika Rao,04-03-2021
7,Gopal Krishna,01-08-2022
8,Hema Reddy,20-02-2020
9,Kalyan Kumar,12-08-2023
10,Lakshmi Narayana,05-12-2020
11,Mounika Reddy,26-04-2022
12,Nikhil Rao,04-09-2020
13,Praveen Reddy,08-03-2021
14,Raju Kumar,09-03-2020
15,Ramya Reddy,01-04-2022
16,Ravi Kumar,28-07-2022
17,Rohit Rao,07-09-2021
18,Sanjay Kumar,27-08-2023
19,Santosh Reddy,17-11-2022
20,Shilpa Rao,19-12-2024
21,Sumanth Kumar,05-10-2023
22,Swathi Reddy,26-06-2024
23,Varun Reddy,16-07-2020
24,Vijay Kumar,23-02-2021
25,Vishal Reddy,05-03-2020
26,Aishwarya Reddy,06-01-2021
27,Anil Kumar,27-03-2022
28,Bhaskar Rao,06-09-2024
29,Geetha Reddy,13-08-2021
30,Hari Krishna,16-06-2023
31,Kiran Kumar,18-10-2024
32,Latha Reddy,15-09-2021
33,Mahesh Reddy,05-05-2022
34,Manohar Rao,20-10-2024
35,Naveen Reddy,25-04-2020
36,Prasad Rao,19-02-2020
37,Ramesh Reddy,11-08-2021
38,Rekha Rao,14-06-2020
39,Sandeep Kumar,06-05-2021
40,Shobha Reddy,31-01-2020
41,Sneha Rao,06-10-2022
42,Suresh Kumar,24-10-2020
43,Venkat Rao,26-02-2023
44,Vijayalakshmi Reddy,03-11-2021
45,Vinay Kumar,29-08-2021
46,Vishnu Reddy,29-10-2020
47,Ashok Kumar,14-08-2022
48,Durga Reddy,29-03-2024
49,Harsha Vardhan,22-09-2020
50,Jyothi Reddy,05-12-2022
51,Ajith Kumar,06-11-2020
52,Anju Nair,13-01-2023
53,Arun Kumar,27-01-2024
54,Aswathy Menon,27-08-2020
55,Chitra Nair,13-09-2023
56,Deepak Menon,02-02-2021
57,Divya Nair,08-04-2023
58,Gopalakrishnan,25-01-2023
59,Haritha Menon,03-04-2024
60,Jithin Kumar,16-01-2022
61,Kavya Nair,25-05-2021
62,Krishna Kumar,10-09-2020
63,Lakshmi Menon,21-05-2024
64,Manu Nair,14-06-2021
65,Meera Menon,28-07-2022
66,Nandini Nair,03-11-2020
67,Pradeep Kumar,02-05-2020
68,Priya Menon,27-11-2022
69,Rajesh Kumar,10-10-2020
70,Rakesh Nair,12-10-2023
71,Reshma Menon,12-03-2021
72,Santhosh Kumar,04-08-2023
73,Shalini Nair,17-07-2022
74,Sreekumar Menon,10-10-2023
75,Sujith Kumar,10-06-2020
76,Suresh Nair,10-02-2021
77,Varsha Menon,03-01-2020
78,Vinay Nair,15-11-2021
79,Vishnu Kumar,22-02-2023
80,Anil Menon,31-03-2024
81,Ganga Nair,21-10-2021
82,Hari Kumar,19-11-2020
83,Jayanthi Menon,05-02-2020
84,Karthik Nair,11-08-2024
85,Lekha Menon,20-03-2020
86,Mahesh Kumar,16-01-2021
87,Maya Nair,09-10-2024
88,Nisha Menon,24-04-2023
89,Praveen Kumar,06-12-2020
90,Rema Nair,10-01-2022
91,Sajith Menon,09-08-2020
92,Shaji Kumar,25-06-2024
93,Sreeja Nair,27-02-2020
94,Sudha Menon,20-03-2024
95,Vivek Kumar,18-05-2023
96,Anoop Menon,22-01-2021
97,Dhanya Nair,12-10-2024
98,Jayasree Menon,11-01-2022
99,Leela Nair,09-04-2021
100,Sudeep Kumar,12-08-2023
